{"cameraMode":{"drawMode":0,"name":"Shaded","section":"Shading Mode"},"sceneLighting":false,"audioPlay":false,"sceneViewState":{"m_AlwaysRefresh":false,"showFog":true,"showSkybox":true,"showFlares":true,"showImageEffects":true,"showParticleSystems":true,"showVisualEffectGraphs":true,"m_FxEnabled":true},"in2DMode":false,"pivot":{"x":-32.313621520996097,"y":-9.179399490356446,"z":5.848052978515625},"rotation":{"x":-0.19793836772441865,"y":-0.07170272618532181,"z":0.014475862495601178,"w":-0.9774042963981628},"size":39.599510192871097,"orthographic":false}